Time,Open,High,Low,Close,Volume
2019.05.22 17:50:00,64.30415,64.31275,64.28905,64.30585,959
2019.05.22 17:40:00,64.30175,64.31382,64.29275,64.30385,1016
2019.05.22 17:30:00,64.28805,64.30924,64.28575,64.30175,854
2019.05.22 17:20:00,64.28275,64.29875,64.28275,64.28805,529
2019.05.22 17:10:00,64.27865,64.28945,64.24975,64.28275,730
2019.05.22 17:00:00,64.25535,64.28745,64.25525,64.27865,729
2019.05.22 16:50:00,64.27475,64.28135,64.24775,64.25507,653
2019.05.22 16:40:00,64.23475,64.27675,64.21975,64.27475,660
2019.05.22 16:30:00,64.25847,64.26695,64.22575,64.23475,1021
2019.05.22 16:20:00,64.26025,64.26305,64.21875,64.25847,1469
2019.05.22 16:10:00,64.21876,64.2763,64.21495,64.26025,776
2019.05.22 16:00:00,64.2257,64.25015,64.21296,64.21876,1005
2019.05.22 15:50:00,64.25115,64.25545,64.21335,64.2257,712
2019.05.22 15:40:00,64.22575,64.25675,64.21707,64.25115,491
2019.05.22 15:30:00,64.27078,64.27078,64.20775,64.22475,694
2019.05.22 15:20:00,64.26605,64.28061,64.2407,64.27144,869
2019.05.22 15:10:00,64.26298,64.27809,64.23885,64.26538,816
2019.05.22 15:00:00,64.24675,64.27542,64.24175,64.26298,647
2019.05.22 14:50:00,64.24515,64.24875,64.21375,64.24675,495
2019.05.22 14:40:00,64.24075,64.27205,64.23075,64.24575,584
2019.05.22 14:30:00,64.26875,64.27025,64.22375,64.23975,623
2019.05.22 14:20:00,64.24275,64.26935,64.21975,64.26875,512
2019.05.22 14:10:00,64.18352,64.25216,64.18052,64.24275,617
2019.05.22 14:00:00,64.17632,64.18455,64.16719,64.18352,428
2019.05.22 13:50:00,64.18929,64.19385,64.17418,64.17632,688
2019.05.22 13:40:00,64.1779,64.19525,64.17122,64.18929,807
2019.05.22 13:30:00,64.15555,64.17925,64.1493,64.1779,690
2019.05.22 13:20:00,64.18134,64.18535,64.14405,64.15545,975
2019.05.22 13:10:00,64.18475,64.20165,64.15945,64.18133,889
2019.05.22 13:00:00,64.20675,64.21975,64.17075,64.18475,514
2019.05.22 12:50:00,64.25901,64.26275,64.20575,64.20675,703
2019.05.22 12:40:00,64.25375,64.27085,64.24579,64.25901,852
2019.05.22 12:30:00,64.29875,64.3103,64.24905,64.25375,1269
2019.05.22 12:20:00,64.34021,64.34665,64.25745,64.29875,1297
2019.05.22 12:10:00,64.37765,64.37805,64.34021,64.34021,895
2019.05.22 12:00:00,64.39375,64.39575,64.36196,64.37665,939
2019.05.22 11:50:00,64.38575,64.40315,64.38515,64.39375,709
2019.05.22 11:40:00,64.34933,64.38775,64.33935,64.38575,879
2019.05.22 11:30:00,64.36875,64.37075,64.33475,64.34933,755
2019.05.22 11:20:00,64.37475,64.37475,64.34834,64.36775,923
2019.05.22 11:10:00,64.41175,64.41895,64.37275,64.37475,918
2019.05.22 11:00:00,64.42611,64.44995,64.40155,64.41175,642
2019.05.22 10:50:00,64.4534,64.46419,64.39855,64.42611,1514
2019.05.22 10:40:00,64.44885,64.47243,64.44352,64.4534,1072
2019.05.22 10:30:00,64.42475,64.46875,64.41366,64.44885,1066
2019.05.22 10:20:00,64.42875,64.43975,64.41275,64.42375,652
2019.05.22 10:10:00,64.39429,64.43569,64.34642,64.42875,953
2019.05.22 10:00:00,64.37635,64.47975,64.36555,64.39429,1467
2019.05.21 17:50:00,64.48075,64.49798,64.42205,64.44665,1011
2019.05.21 17:40:00,64.49585,64.51275,64.46875,64.48175,705
2019.05.21 17:30:00,64.51754,64.52225,64.47234,64.49585,493
2019.05.21 17:20:00,64.54393,64.55215,64.50842,64.51785,686
2019.05.21 17:10:00,64.55788,64.57975,64.54206,64.5438,601
2019.05.21 17:00:00,64.56555,64.56705,64.52375,64.55798,545
2019.05.21 16:50:00,64.54975,64.58035,64.53943,64.56555,769
2019.05.21 16:40:00,64.58275,64.58575,64.54275,64.54975,930
2019.05.21 16:30:00,64.55875,64.58769,64.55704,64.58275,670
2019.05.21 16:20:00,64.55975,64.56675,64.55072,64.55875,363
2019.05.21 16:10:00,64.54465,64.56146,64.53916,64.56103,689
2019.05.21 16:00:00,64.52046,64.5631,64.52045,64.54445,707
2019.05.21 15:50:00,64.51145,64.52855,64.50062,64.52046,747
2019.05.21 15:40:00,64.50675,64.53275,64.49995,64.51215,850
2019.05.21 15:30:00,64.50975,64.52905,64.50575,64.50725,541
2019.05.21 15:20:00,64.49555,64.52225,64.48475,64.51005,745
2019.05.21 15:10:00,64.49376,64.51075,64.47286,64.49555,689
2019.05.21 15:00:00,64.53725,64.54055,64.49376,64.49376,997
2019.05.21 14:50:00,64.53925,64.54975,64.53475,64.53695,621
2019.05.21 14:40:00,64.55605,64.55935,64.5333,64.53925,672
2019.05.21 14:30:00,64.54535,64.56345,64.53496,64.55605,1092
2019.05.21 14:20:00,64.52675,64.54875,64.51775,64.54415,693
2019.05.21 14:10:00,64.54175,64.54575,64.52375,64.52675,266
2019.05.21 14:00:00,64.53775,64.55485,64.52675,64.54185,724
2019.05.21 13:50:00,64.49975,64.53875,64.49334,64.53775,391
2019.05.21 13:40:00,64.49775,64.51275,64.48175,64.50075,818
2019.05.21 13:30:00,64.49775,64.50975,64.49275,64.49775,619
2019.05.21 13:20:00,64.47775,64.50145,64.47675,64.49775,766
2019.05.21 13:10:00,64.47475,64.47875,64.44245,64.47775,530
2019.05.21 13:00:00,64.50385,64.50605,64.45965,64.47375,557
2019.05.21 12:50:00,64.52355,64.52545,64.49551,64.50384,601
2019.05.21 12:40:00,64.56295,64.56975,64.52355,64.52355,434
2019.05.21 12:30:00,64.53135,64.56415,64.52917,64.56295,864
2019.05.21 12:20:00,64.55575,64.56175,64.51935,64.53185,1195
2019.05.21 12:10:00,64.59615,64.59795,64.53581,64.55575,972
2019.05.21 12:00:00,64.58375,64.61345,64.58165,64.59525,1154
2019.05.21 11:50:00,64.58475,64.59425,64.56961,64.58375,867
2019.05.21 11:40:00,64.57075,64.59075,64.55945,64.58475,268
2019.05.21 11:30:00,64.58275,64.58494,64.55195,64.57075,965
2019.05.21 11:20:00,64.58475,64.58675,64.55945,64.58275,671
2019.05.21 11:10:00,64.57475,64.60175,64.54752,64.58475,628
2019.05.21 11:00:00,64.55495,64.57875,64.54675,64.57475,591
2019.05.21 10:50:00,64.54975,64.55815,64.52575,64.55495,1001
2019.05.21 10:40:00,64.55675,64.57419,64.53775,64.54975,953
2019.05.21 10:30:00,64.53725,64.58309,64.53665,64.55605,1108
2019.05.21 10:20:00,64.51675,64.54612,64.51025,64.53755,854
2019.05.21 10:10:00,64.46075,64.51875,64.4527,64.51585,976
2019.05.21 10:00:00,64.57875,64.58975,64.45035,64.46175,880
2019.05.20 17:50:00,64.47105,64.48695,64.43855,64.47145,1002
2019.05.20 17:40:00,64.45455,64.47105,64.41015,64.47105,1328
2019.05.20 17:30:00,64.48955,64.49875,64.44655,64.45355,820
2019.05.20 17:20:00,64.48958,64.50204,64.47315,64.48955,922
2019.05.20 17:10:00,64.52085,64.52825,64.47594,64.48958,674
2019.05.20 17:00:00,64.51979,64.53052,64.50259,64.52075,532
2019.05.20 16:50:00,64.54185,64.56463,64.50978,64.51979,960
2019.05.20 16:40:00,64.59435,64.60525,64.53802,64.54185,1536
2019.05.20 16:30:00,64.53935,64.60428,64.53775,64.59465,1515
2019.05.20 16:20:00,64.53975,64.56463,64.53066,64.53775,623
2019.05.20 16:10:00,64.53675,64.63275,64.53375,64.53875,1067
2019.05.20 16:00:00,64.5549,64.55595,64.53075,64.53775,679
2019.05.20 15:50:00,64.54838,64.55745,64.54675,64.55597,464
2019.05.20 15:40:00,64.55275,64.56136,64.52444,64.54838,551
2019.05.20 15:30:00,64.52865,64.57275,64.52865,64.55328,552
2019.05.20 15:20:00,64.51475,64.54275,64.50578,64.52865,523
2019.05.20 15:10:00,64.54342,64.55505,64.50605,64.51595,916
2019.05.20 15:00:00,64.5153,64.54865,64.50737,64.54342,877
2019.05.20 14:50:00,64.53895,64.54075,64.49645,64.5153,1214
2019.05.20 14:40:00,64.53792,64.55695,64.53755,64.53755,767
2019.05.20 14:30:00,64.53305,64.54095,64.52675,64.53792,484
2019.05.20 14:20:00,64.55475,64.5619,64.52715,64.53245,463
2019.05.20 14:10:00,64.56075,64.56203,64.54375,64.55475,326
2019.05.20 14:00:00,64.55575,64.56315,64.54874,64.56075,298
2019.05.20 13:50:00,64.53985,64.55675,64.53345,64.55575,423
2019.05.20 13:40:00,64.53515,64.54395,64.52886,64.53975,515
2019.05.20 13:30:00,64.54275,64.54483,64.52209,64.53515,489
2019.05.20 13:20:00,64.53875,64.54808,64.52975,64.54275,603
2019.05.20 13:10:00,64.54075,64.54857,64.53601,64.53875,470
2019.05.20 13:00:00,64.53475,64.54118,64.53095,64.54075,287
2019.05.20 12:50:00,64.53895,64.54899,64.53141,64.53475,672
2019.05.20 12:40:00,64.54075,64.54175,64.52178,64.53895,638
2019.05.20 12:30:00,64.51175,64.54875,64.50845,64.54075,518
2019.05.20 12:20:00,64.54475,64.54855,64.50717,64.51175,619
2019.05.20 12:10:00,64.55775,64.55775,64.52843,64.54475,658
2019.05.20 12:00:00,64.58205,64.58775,64.52755,64.55775,1081
2019.05.20 11:50:00,64.55475,64.59715,64.54875,64.58205,1029
2019.05.20 11:40:00,64.52575,64.55603,64.51845,64.55475,682
2019.05.20 11:30:00,64.49977,64.52675,64.49675,64.52575,328
2019.05.20 11:20:00,64.48175,64.50337,64.47885,64.50065,445
2019.05.20 11:10:00,64.50505,64.51205,64.47703,64.48175,929
2019.05.20 11:00:00,64.49975,64.51965,64.48775,64.50565,1328
2019.05.20 10:50:00,64.49345,64.50907,64.48475,64.50085,1004
2019.05.20 10:40:00,64.48575,64.50255,64.48265,64.49395,828
2019.05.20 10:30:00,64.45515,64.48984,64.44652,64.48575,775
2019.05.20 10:20:00,64.49375,64.49855,64.44581,64.45515,1216
2019.05.20 10:10:00,64.4808,64.49475,64.45935,64.49375,832
2019.05.20 10:00:00,64.58775,64.58775,64.43475,64.4808,1035
2019.05.17 17:50:00,64.77007,64.78555,64.71265,64.71586,719
2019.05.17 17:40:00,64.79025,64.7962,64.76285,64.77455,800
2019.05.17 17:30:00,64.75085,64.79165,64.73194,64.78985,953
2019.05.17 17:20:00,64.78675,64.78875,64.73375,64.74965,686
2019.05.17 17:10:00,64.77275,64.79629,64.74675,64.78585,930
2019.05.17 17:00:00,64.6522,64.77765,64.6522,64.77275,1901
2019.05.17 16:50:00,64.62975,64.68375,64.62675,64.6522,873
2019.05.17 16:40:00,64.60745,64.63575,64.58175,64.62975,1623
2019.05.17 16:30:00,64.62475,64.62475,64.58865,64.60743,1038
2019.05.17 16:20:00,64.62375,64.63775,64.61775,64.62475,462
2019.05.17 16:10:00,64.60995,64.62975,64.59025,64.62475,448
2019.05.17 16:00:00,64.60675,64.63875,64.59991,64.60995,1247
2019.05.17 15:50:00,64.55891,64.61175,64.55554,64.60775,438
2019.05.17 15:40:00,64.56483,64.58155,64.55149,64.55915,745
2019.05.17 15:30:00,64.63575,64.64983,64.56003,64.56512,1524
2019.05.17 15:20:00,64.60575,64.63575,64.60575,64.63575,400
2019.05.17 15:10:00,64.64147,64.6451,64.59251,64.60575,575
2019.05.17 15:00:00,64.63175,64.64575,64.61885,64.64147,465
2019.05.17 14:50:00,64.64175,64.64635,64.63175,64.63175,557
2019.05.17 14:40:00,64.64765,64.64945,64.62775,64.64175,511
2019.05.17 14:30:00,64.63875,64.65375,64.63275,64.64765,389
2019.05.17 14:20:00,64.62235,64.64175,64.61685,64.63875,519
2019.05.17 14:10:00,64.63065,64.64275,64.61887,64.62162,448
2019.05.17 14:00:00,64.62645,64.6391,64.62005,64.63097,357
2019.05.17 13:50:00,64.62275,64.63512,64.62115,64.62645,338
2019.05.17 13:40:00,64.61875,64.62675,64.61775,64.62275,191
2019.05.17 13:30:00,64.61175,64.61975,64.59275,64.61875,352
2019.05.17 13:20:00,64.61975,64.62475,64.61075,64.61275,353
2019.05.17 13:10:00,64.61545,64.62375,64.60405,64.62075,669
2019.05.17 13:00:00,64.60122,64.62395,64.59885,64.61545,763
2019.05.17 12:50:00,64.62275,64.62732,64.60053,64.60122,1089
2019.05.17 12:40:00,64.62265,64.63045,64.61315,64.62275,683
2019.05.17 12:30:00,64.62265,64.63775,64.61675,64.62265,605
2019.05.17 12:20:00,64.60975,64.62849,64.60775,64.62265,543
2019.05.17 12:10:00,64.61605,64.63575,64.59948,64.60975,666
2019.05.17 12:00:00,64.61961,64.63235,64.60775,64.61605,898
2019.05.17 11:50:00,64.62353,64.63389,64.61585,64.62148,538
2019.05.17 11:40:00,64.6257,64.6304,64.6174,64.62353,417
2019.05.17 11:30:00,64.63275,64.6376,64.61836,64.6257,996
2019.05.17 11:20:00,64.61432,64.63675,64.60703,64.63265,482
2019.05.17 11:10:00,64.62596,64.62733,64.59981,64.61432,821
2019.05.17 11:00:00,64.60173,64.65159,64.59297,64.62596,647
2019.05.17 10:50:00,64.63312,64.64602,64.60157,64.60157,960
2019.05.17 10:40:00,64.61421,64.63453,64.61115,64.63422,1121
2019.05.17 10:30:00,64.61192,64.62515,64.59221,64.61315,1496
2019.05.17 10:20:00,64.64575,64.64675,64.59616,64.61192,760
2019.05.17 10:10:00,64.63475,64.64575,64.61075,64.64575,601
2019.05.17 10:00:00,64.67517,64.68742,64.62575,64.63375,1021
2019.05.16 17:50:00,64.41835,64.48353,64.40775,64.48353,732
2019.05.16 17:40:00,64.45847,64.47407,64.38665,64.41835,793
2019.05.16 17:30:00,64.47675,64.50945,64.44942,64.45847,741
2019.05.16 17:20:00,64.54155,64.55665,64.47089,64.47675,1171
2019.05.16 17:10:00,64.51275,64.57285,64.50575,64.54155,986
2019.05.16 17:00:00,64.50775,64.51875,64.50675,64.51275,346
2019.05.16 16:50:00,64.51575,64.52715,64.48775,64.50775,633
2019.05.16 16:40:00,64.51475,64.54775,64.51275,64.51575,591
2019.05.16 16:30:00,64.52975,64.54965,64.50891,64.51475,898
2019.05.16 16:20:00,64.49325,64.53225,64.49275,64.52975,895
2019.05.16 16:10:00,64.50265,64.50575,64.47815,64.49275,788
2019.05.16 16:00:00,64.54575,64.55115,64.50175,64.50265,708
2019.05.16 15:50:00,64.52474,64.5489,64.50475,64.54575,636
2019.05.16 15:40:00,64.51375,64.52775,64.51006,64.52474,539
2019.05.16 15:30:00,64.48745,64.51875,64.47275,64.51475,884
2019.05.16 15:20:00,64.51629,64.52675,64.48375,64.48745,457
2019.05.16 15:10:00,64.53405,64.55115,64.50675,64.51629,1007
2019.05.16 15:00:00,64.47695,64.54255,64.46785,64.53405,1033
2019.05.16 14:50:00,64.50775,64.51375,64.47645,64.47675,657
2019.05.16 14:40:00,64.46275,64.51205,64.45975,64.50775,818
2019.05.16 14:30:00,64.45447,64.47578,64.45251,64.46275,480
2019.05.16 14:20:00,64.47649,64.49025,64.45054,64.45487,642
2019.05.16 14:10:00,64.45959,64.48304,64.43975,64.47649,535
2019.05.16 14:00:00,64.47175,64.48675,64.45638,64.45959,489
2019.05.16 13:50:00,64.46275,64.48475,64.44472,64.47175,751
2019.05.16 13:40:00,64.48875,64.49925,64.45975,64.46375,622
2019.05.16 13:30:00,64.49875,64.51735,64.48395,64.48775,772
2019.05.16 13:20:00,64.50665,64.52235,64.49575,64.49875,699
2019.05.16 13:10:00,64.49495,64.52295,64.48395,64.50665,648
2019.05.16 13:00:00,64.48675,64.53445,64.48575,64.49495,838
2019.05.16 12:50:00,64.47275,64.48675,64.45975,64.48675,923
2019.05.16 12:40:00,64.48475,64.50438,64.47095,64.47245,665
2019.05.16 12:30:00,64.48275,64.49575,64.44675,64.48475,911
2019.05.16 12:20:00,64.45305,64.48615,64.44032,64.48269,572
2019.05.16 12:10:00,64.46115,64.48015,64.44435,64.45305,622
2019.05.16 12:00:00,64.45075,64.47575,64.43116,64.46115,702
2019.05.16 11:50:00,64.4593,64.46122,64.43598,64.44986,582
2019.05.16 11:40:00,64.48445,64.48455,64.43075,64.4593,920
2019.05.16 11:30:00,64.54975,64.55175,64.47875,64.48445,507
2019.05.16 11:20:00,64.52175,64.55641,64.5143,64.54975,905
2019.05.16 11:10:00,64.54875,64.56875,64.51166,64.52175,718
2019.05.16 11:00:00,64.57375,64.58075,64.54175,64.54875,509
2019.05.16 10:50:00,64.55975,64.57675,64.54975,64.57475,392
2019.05.16 10:40:00,64.55975,64.56875,64.54375,64.55975,474
2019.05.16 10:30:00,64.56375,64.58775,64.55745,64.55975,604
2019.05.16 10:20:00,64.5758,64.59975,64.55375,64.56275,558
2019.05.16 10:10:00,64.5104,64.57675,64.50606,64.5758,634
2019.05.16 10:00:00,64.59796,64.62305,64.49105,64.5104,1512
2019.05.15 17:50:00,64.51815,64.59275,64.49775,64.57975,1046
2019.05.15 17:40:00,64.56225,64.58025,64.51715,64.51715,1069
2019.05.15 17:30:00,64.50895,64.6116,64.50775,64.56225,1296
2019.05.15 17:20:00,64.63151,64.63395,64.49375,64.50895,1776
2019.05.15 17:10:00,64.74095,64.74185,64.56575,64.63151,2625
2019.05.15 17:00:00,64.76875,64.77775,64.73068,64.74095,815
2019.05.15 16:50:00,64.78475,64.79198,64.74775,64.76875,804
2019.05.15 16:40:00,64.76324,64.79575,64.75575,64.78465,969
2019.05.15 16:30:00,64.76175,64.78585,64.74715,64.76324,1385
2019.05.15 16:20:00,64.76875,64.79075,64.73275,64.76175,833
2019.05.15 16:10:00,64.7527,64.77707,64.73135,64.76875,875
2019.05.15 16:00:00,64.82071,64.8296,64.74056,64.7527,1193
2019.05.15 15:50:00,64.82115,64.84885,64.80368,64.82071,1210
2019.05.15 15:40:00,64.80033,64.86995,64.79941,64.82115,812
2019.05.15 15:30:00,64.78619,64.80445,64.76365,64.80033,668
2019.05.15 15:20:00,64.79075,64.79569,64.7747,64.78619,486
2019.05.15 15:10:00,64.81835,64.82365,64.78685,64.79175,725
2019.05.15 15:00:00,64.84575,64.86075,64.80575,64.81835,836
2019.05.15 14:50:00,64.84175,64.85475,64.82475,64.84575,1029
2019.05.15 14:40:00,64.81705,64.85285,64.81375,64.84175,1084
2019.05.15 14:30:00,64.79615,64.83115,64.7911,64.81705,892
2019.05.15 14:20:00,64.77075,64.79615,64.76475,64.79615,716
2019.05.15 14:10:00,64.76935,64.78675,64.76775,64.77075,717
2019.05.15 14:00:00,64.77455,64.78375,64.75205,64.76935,898
2019.05.15 13:50:00,64.73485,64.78155,64.73426,64.77455,755
2019.05.15 13:40:00,64.79075,64.79695,64.73301,64.73415,788
2019.05.15 13:30:00,64.81319,64.83155,64.78096,64.79225,1054
2019.05.15 13:20:00,64.76979,64.83055,64.75878,64.81405,1087
2019.05.15 13:10:00,64.81175,64.82175,64.76375,64.76979,580
2019.05.15 13:00:00,64.82085,64.84275,64.81075,64.81175,666
2019.05.15 12:50:00,64.80285,64.83135,64.80285,64.82085,955
2019.05.15 12:40:00,64.78705,64.81385,64.77355,64.80325,827
2019.05.15 12:30:00,64.75075,64.78875,64.72449,64.78705,1499
2019.05.15 12:20:00,64.73185,64.75385,64.71375,64.74962,1258
2019.05.15 12:10:00,64.72895,64.74365,64.70945,64.73085,1582
2019.05.15 12:00:00,64.77045,64.77165,64.7161,64.72985,1216
2019.05.15 11:50:00,64.76415,64.78275,64.74875,64.77045,772
2019.05.15 11:40:00,64.77175,64.79045,64.76245,64.76505,1070
2019.05.15 11:30:00,64.77405,64.78395,64.766,64.77175,738
2019.05.15 11:20:00,64.78975,64.80485,64.76275,64.77475,1208
2019.05.15 11:10:00,64.84725,64.85475,64.78175,64.78975,856
2019.05.15 11:00:00,64.82295,64.86575,64.81325,64.84725,1478
2019.05.15 10:50:00,64.89175,64.89275,64.81805,64.82295,1199
2019.05.15 10:40:00,64.88005,64.91925,64.85875,64.89175,1075
2019.05.15 10:30:00,64.82985,64.88345,64.82375,64.88275,733
2019.05.15 10:20:00,64.85495,64.87375,64.82985,64.82985,742
2019.05.15 10:10:00,64.83856,64.87365,64.80195,64.85495,1076
2019.05.15 10:00:00,64.92222,64.97285,64.83175,64.83856,1267
2019.05.14 17:50:00,64.97505,65.05941,64.97475,65.02675,923
2019.05.14 17:40:00,64.99215,65.00125,64.97335,64.97555,751
2019.05.14 17:30:00,64.93804,64.99295,64.92723,64.99205,879
2019.05.14 17:20:00,65.0515,65.05155,64.93045,64.93804,1408
2019.05.14 17:10:00,65.07745,65.10975,65.0515,65.0515,1219
2019.05.14 17:00:00,65.06175,65.08085,65.03675,65.07745,1106
2019.05.14 16:50:00,65.07575,65.09348,65.04715,65.06175,1348
2019.05.14 16:40:00,65.09675,65.13125,65.02575,65.07575,1869
2019.05.14 16:30:00,65.11177,65.13439,65.07835,65.09675,1339
2019.05.14 16:20:00,65.15785,65.17474,65.06684,65.11212,1504
2019.05.14 16:10:00,65.15936,65.20675,65.15565,65.15825,1002
2019.05.14 16:00:00,65.24075,65.24805,65.14185,65.15936,1485
2019.05.14 15:50:00,65.25335,65.26975,65.22875,65.24075,1638
2019.05.14 15:40:00,65.28985,65.29325,65.24386,65.25335,1218
2019.05.14 15:30:00,65.25035,65.30685,65.24675,65.28791,1092
2019.05.14 15:20:00,65.24904,65.25957,65.23905,65.25075,665
2019.05.14 15:10:00,65.23765,65.25825,65.17895,65.24904,1241
2019.05.14 15:00:00,65.27155,65.27245,65.23665,65.23765,967
2019.05.14 14:50:00,65.26605,65.28575,65.26485,65.27028,878
2019.05.14 14:40:00,65.26244,65.27665,65.23931,65.26605,1347
2019.05.14 14:30:00,65.29925,65.30675,65.26084,65.26235,828
2019.05.14 14:20:00,65.28475,65.30275,65.27175,65.29925,711
2019.05.14 14:10:00,65.27281,65.29675,65.25835,65.28575,865
2019.05.14 14:00:00,65.28697,65.28697,65.25677,65.27281,864
2019.05.14 13:50:00,65.3032,65.30335,65.26275,65.28697,776
2019.05.14 13:40:00,65.3082,65.31575,65.28297,65.3032,513
2019.05.14 13:30:00,65.31553,65.32319,65.27405,65.3082,672
2019.05.14 13:20:00,65.35525,65.35575,65.31281,65.31553,756
2019.05.14 13:10:00,65.39015,65.39215,65.34995,65.35415,967
2019.05.14 13:00:00,65.37105,65.40375,65.36745,65.39015,682
2019.05.14 12:50:00,65.35775,65.37715,65.35175,65.37046,455
2019.05.14 12:40:00,65.33515,65.36175,65.33185,65.35775,457
2019.05.14 12:30:00,65.31404,65.34991,65.31165,65.33515,614
2019.05.14 12:20:00,65.38183,65.38515,65.29562,65.31377,978
2019.05.14 12:10:00,65.37715,65.38825,65.35375,65.38183,974
2019.05.14 12:00:00,65.37775,65.41265,65.37392,65.37715,991
2019.05.14 11:50:00,65.38965,65.39175,65.36575,65.37875,1172
2019.05.14 11:40:00,65.38915,65.4358,65.38815,65.38965,1264
2019.05.14 11:30:00,65.37393,65.40926,65.37393,65.38915,1158
2019.05.14 11:20:00,65.37375,65.40275,65.36995,65.37393,1254
2019.05.14 11:10:00,65.34675,65.37375,65.34145,65.37375,912
2019.05.14 11:00:00,65.27882,65.35221,65.25415,65.34675,783
2019.05.14 10:50:00,65.27475,65.29875,65.26075,65.27882,877
2019.05.14 10:40:00,65.25179,65.30765,65.25179,65.27475,1123
2019.05.14 10:30:00,65.24785,65.26949,65.24505,65.25179,960
2019.05.14 10:20:00,65.24035,65.2553,65.22675,65.24785,1004
2019.05.14 10:10:00,65.31236,65.32038,65.21865,65.24035,1438
2019.05.14 10:00:00,65.32683,65.34105,65.27509,65.31245,1328
2019.05.13 17:50:00,65.41175,65.43775,65.37522,65.40095,837
2019.05.13 17:40:00,65.37133,65.41275,65.34183,65.41175,619
2019.05.13 17:30:00,65.42175,65.44067,65.36675,65.37133,965
2019.05.13 17:20:00,65.36699,65.42716,65.36635,65.42175,1364
2019.05.13 17:10:00,65.41495,65.41865,65.35245,65.36699,1009
2019.05.13 17:00:00,65.43875,65.44875,65.40135,65.41495,852
2019.05.13 16:50:00,65.36775,65.45175,65.36575,65.43875,807
2019.05.13 16:40:00,65.41263,65.41375,65.34612,65.36775,1651
2019.05.13 16:30:00,65.37275,65.42235,65.33265,65.41263,1615
2019.05.13 16:20:00,65.36375,65.39475,65.35275,65.37275,1074
2019.05.13 16:10:00,65.36325,65.37815,65.32775,65.36475,725
2019.05.13 16:00:00,65.40275,65.42375,65.35589,65.36325,1027
2019.05.13 15:50:00,65.37998,65.43175,65.37988,65.40275,705
2019.05.13 15:40:00,65.39526,65.39875,65.35115,65.38013,822
2019.05.13 15:30:00,65.42856,65.42856,65.38239,65.39459,695
2019.05.13 15:20:00,65.44897,65.4607,65.41367,65.42856,783
2019.05.13 15:10:00,65.44235,65.48975,65.40575,65.44897,1177
2019.05.13 15:00:00,65.38015,65.46275,65.37117,65.44155,909
2019.05.13 14:50:00,65.38749,65.39354,65.37529,65.38015,664
2019.05.13 14:40:00,65.37245,65.38905,65.37245,65.38749,478
2019.05.13 14:30:00,65.39175,65.39275,65.3686,65.37245,483
2019.05.13 14:20:00,65.38175,65.40178,65.36912,65.39137,397
2019.05.13 14:10:00,65.37975,65.40857,65.37775,65.38175,675
2019.05.13 14:00:00,65.33775,65.38375,65.33675,65.37975,630
2019.05.13 13:50:00,65.32875,65.34075,65.31575,65.33775,335
2019.05.13 13:40:00,65.28865,65.32975,65.28575,65.32875,602
2019.05.13 13:30:00,65.27095,65.29024,65.25605,65.28865,952
2019.05.13 13:20:00,65.25659,65.28575,65.25504,65.26995,819
2019.05.13 13:10:00,65.26475,65.29505,65.25659,65.25659,541
2019.05.13 13:00:00,65.29075,65.29275,65.2507,65.26475,418
2019.05.13 12:50:00,65.28025,65.29788,65.27671,65.29075,321
2019.05.13 12:40:00,65.28475,65.28575,65.26475,65.27975,511
2019.05.13 12:30:00,65.31975,65.32275,65.28175,65.28475,567
2019.05.13 12:20:00,65.31175,65.32875,65.29675,65.31975,804
2019.05.13 12:10:00,65.28975,65.32675,65.28435,65.31185,638
2019.05.13 12:00:00,65.37115,65.37495,65.26745,65.29175,1496
2019.05.13 11:50:00,65.34245,65.38075,65.33105,65.37115,818
2019.05.13 11:40:00,65.34865,65.34985,65.31205,65.34272,1136
2019.05.13 11:30:00,65.43255,65.43465,65.34605,65.34865,995
2019.05.13 11:20:00,65.47575,65.49134,65.41854,65.43295,917
2019.05.13 11:10:00,65.44775,65.47575,65.42975,65.47575,816
2019.05.13 11:00:00,65.43975,65.45175,65.42685,65.44775,555
2019.05.13 10:50:00,65.45785,65.47275,65.43275,65.43975,605
2019.05.13 10:40:00,65.43745,65.47525,65.42335,65.45785,1974
2019.05.13 10:30:00,65.44565,65.47375,65.42655,65.43745,1398
2019.05.13 10:20:00,65.38685,65.45625,65.38465,65.44475,1265
2019.05.13 10:10:00,65.47975,65.48375,65.37635,65.38685,772
2019.05.13 10:00:00,65.43475,65.55275,65.39223,65.47975,1412
2019.05.10 17:50:00,65.31425,65.42375,65.29832,65.40005,1051
2019.05.10 17:40:00,65.29237,65.34615,65.29062,65.31325,1251
2019.05.10 17:30:00,65.28932,65.31424,65.27535,65.29237,1098
2019.05.10 17:20:00,65.30058,65.30625,65.26354,65.28932,893
2019.05.10 17:10:00,65.28775,65.33295,65.28475,65.30055,885
2019.05.10 17:00:00,65.22075,65.29175,65.21775,65.28875,661
2019.05.10 16:50:00,65.21375,65.22425,65.19927,65.21975,718
2019.05.10 16:40:00,65.23345,65.24335,65.19975,65.21375,685
2019.05.10 16:30:00,65.27492,65.27795,65.22715,65.23375,1040
2019.05.10 16:20:00,65.27245,65.28105,65.25225,65.27575,973
2019.05.10 16:10:00,65.29175,65.29375,65.25275,65.27245,946
2019.05.10 16:00:00,65.33475,65.37461,65.27775,65.29175,833
2019.05.10 15:50:00,65.25415,65.33575,65.25415,65.33375,1286
2019.05.10 15:40:00,65.28865,65.29875,65.23275,65.25525,918
2019.05.10 15:30:00,65.28885,65.33775,65.24075,65.28985,1119
2019.05.10 15:20:00,65.31475,65.33489,65.28675,65.28885,448
2019.05.10 15:10:00,65.28675,65.32835,65.28675,65.31475,762
2019.05.10 15:00:00,65.24636,65.31475,65.24602,65.28845,816
2019.05.10 14:50:00,65.21172,65.26309,65.20845,65.24636,785
2019.05.10 14:40:00,65.2466,65.25206,65.21172,65.21172,851
2019.05.10 14:30:00,65.2633,65.29973,65.24549,65.24549,475
2019.05.10 14:20:00,65.21005,65.27123,65.21005,65.2633,892
2019.05.10 14:10:00,65.17175,65.22985,65.15962,65.21005,654
2019.05.10 14:00:00,65.18275,65.20375,65.15565,65.17175,424
2019.05.10 13:50:00,65.15675,65.20875,65.13735,65.18375,761
2019.05.10 13:40:00,65.17301,65.17975,65.14775,65.15675,402
2019.05.10 13:30:00,65.17847,65.19375,65.16075,65.17301,423
2019.05.10 13:20:00,65.17875,65.19075,65.15035,65.17847,528
2019.05.10 13:10:00,65.19046,65.20642,65.17575,65.17875,348
2019.05.10 13:00:00,65.20275,65.21022,65.18175,65.19046,539
2019.05.10 12:50:00,65.16375,65.20853,65.16375,65.20268,486
2019.05.10 12:40:00,65.14475,65.17575,65.13275,65.16375,386
2019.05.10 12:30:00,65.17247,65.17349,65.139,65.14375,401
2019.05.10 12:20:00,65.18975,65.21145,65.16858,65.17247,513
2019.05.10 12:10:00,65.18575,65.19475,65.16275,65.18975,385
2019.05.10 12:00:00,65.18075,65.19575,65.15975,65.18575,886
2019.05.10 11:50:00,65.16275,65.20715,65.1612,65.18075,765
2019.05.10 11:40:00,65.14785,65.16865,65.12941,65.16335,552
2019.05.10 11:30:00,65.18275,65.18675,65.13475,65.14775,473
2019.05.10 11:20:00,65.19975,65.22275,65.17121,65.18175,510
2019.05.10 11:10:00,65.17775,65.21875,65.17775,65.19805,565
2019.05.10 11:00:00,65.17475,65.21075,65.16775,65.17775,627
2019.05.10 10:50:00,65.16875,65.17475,65.12245,65.17475,625
2019.05.10 10:40:00,65.12165,65.16875,65.11895,65.16875,450
2019.05.10 10:30:00,65.12775,65.13975,65.10475,65.12165,1002
2019.05.10 10:20:00,65.15375,65.16475,65.12275,65.12675,507
2019.05.10 10:10:00,65.13675,65.17575,65.10295,65.15175,983
2019.05.10 10:00:00,65.19505,65.22665,65.12285,65.13575,1070
2019.05.09 17:50:00,65.46475,65.46625,65.42175,65.45945,116
2019.05.09 17:40:00,65.44825,65.50475,65.41465,65.46475,120
2019.05.09 17:30:00,65.44275,65.49823,65.43325,65.44885,147
2019.05.09 17:20:00,65.43075,65.44705,65.41405,65.44275,73
2019.05.09 17:10:00,65.44075,65.45409,65.42575,65.43075,341
2019.05.09 17:00:00,65.43375,65.45055,65.40471,65.44005,202
2019.05.09 16:50:00,65.42109,65.45134,65.41735,65.43375,204
2019.05.09 16:40:00,65.41575,65.42462,65.40745,65.42109,76
2019.05.09 16:30:00,65.41175,65.42575,65.40475,65.41575,47
2019.05.09 16:20:00,65.38075,65.42075,65.38075,65.41175,114
2019.05.09 16:10:00,65.38175,65.38275,65.38075,65.38075,12
2019.05.09 16:00:00,65.33475,65.39075,65.33075,65.38175,72
2019.05.09 15:50:00,65.33675,65.35337,65.32575,65.33475,53
2019.05.09 15:40:00,65.26175,65.34475,65.25925,65.33675,260
2019.05.09 15:30:00,65.26565,65.27065,65.25435,65.26175,45
2019.05.09 15:20:00,65.25975,65.26565,65.25205,65.26565,26
2019.05.09 15:10:00,65.26265,65.26265,65.25859,65.25975,38
2019.05.09 15:00:00,65.26055,65.27693,65.25925,65.26438,190
2019.05.09 14:50:00,65.27635,65.28315,65.25797,65.26055,174
2019.05.09 14:40:00,65.30705,65.31165,65.26003,65.27705,282
2019.05.09 14:30:00,65.27245,65.31485,65.2647,65.30625,142
2019.05.09 14:20:00,65.27375,65.27755,65.26794,65.27245,57
2019.05.09 14:10:00,65.29275,65.29475,65.26535,65.27385,180
2019.05.09 14:00:00,65.28875,65.30235,65.28358,65.29275,36
2019.05.09 13:50:00,65.26965,65.29275,65.26445,65.28875,96
2019.05.09 13:40:00,65.25875,65.27155,65.25775,65.26835,96
2019.05.09 13:30:00,65.27875,65.27875,65.25675,65.25875,45
2019.05.09 13:20:00,65.25175,65.28497,65.25075,65.27875,33
2019.05.09 13:10:00,65.25675,65.26975,65.24799,65.25175,54
2019.05.09 13:00:00,65.27275,65.27575,65.25475,65.25675,31
2019.05.09 12:50:00,65.27135,65.27475,65.26785,65.27275,112
2019.05.09 12:40:00,65.27055,65.28035,65.26507,65.27125,212
2019.05.09 12:30:00,65.21316,65.27445,65.21315,65.27205,95
2019.05.09 12:20:00,65.21911,65.22075,65.21223,65.21407,91
2019.05.09 12:10:00,65.27705,65.29548,65.18275,65.23185,137
2019.05.09 12:00:00,65.27735,65.29315,65.27185,65.27735,68
2019.05.09 11:50:00,65.30975,65.30975,65.26905,65.27735,97
2019.05.09 11:40:00,65.32577,65.32675,65.29875,65.30975,100
2019.05.09 11:30:00,65.32876,65.32876,65.32009,65.32577,69
2019.05.09 11:20:00,65.32275,65.3296,65.31945,65.32876,50
2019.05.09 11:10:00,65.33705,65.34075,65.31675,65.32175,52
2019.05.09 11:00:00,65.33236,65.34905,65.32065,65.33805,200
2019.05.09 10:50:00,65.30275,65.34195,65.30265,65.33236,204
2019.05.09 10:40:00,65.27675,65.30275,65.26675,65.30275,71
2019.05.09 10:30:00,65.27575,65.28335,65.21665,65.27589,483
2019.05.09 10:20:00,65.25875,65.29088,65.22795,65.27575,97
2019.05.09 10:10:00,65.26175,65.26475,65.23835,65.25875,41
2019.05.09 10:00:00,65.26634,65.27875,65.22575,65.26175,59
2019.05.08 17:50:00,65.09875,65.11875,65.05475,65.05875,794
2019.05.08 17:40:00,65.07345,65.10105,65.04275,65.09905,750
2019.05.08 17:30:00,65.08939,65.09315,65.03275,65.07284,1074
2019.05.08 17:20:00,65.09545,65.10735,65.07738,65.0894,1015
2019.05.08 17:10:00,65.10435,65.11695,65.08745,65.09545,810
2019.05.08 17:00:00,65.12845,65.13575,65.08755,65.10435,881
2019.05.08 16:50:00,65.15409,65.16575,65.12383,65.12845,1025
2019.05.08 16:40:00,65.21311,65.21355,65.15209,65.15409,893
2019.05.08 16:30:00,65.17772,65.22142,65.14351,65.21311,1192
2019.05.08 16:20:00,65.16575,65.20875,65.16175,65.17772,561
2019.05.08 16:10:00,65.15915,65.17975,65.12879,65.16575,937
2019.05.08 16:00:00,65.14175,65.17875,65.12789,65.15915,1015
2019.05.08 15:50:00,65.10771,65.16675,65.05575,65.14075,1552
2019.05.08 15:40:00,65.19225,65.21075,65.10697,65.10771,916
2019.05.08 15:30:00,65.1072,65.19475,65.10163,65.19225,658
2019.05.08 15:20:00,65.15865,65.15975,65.07785,65.10775,1331
2019.05.08 15:10:00,65.19595,65.19755,65.14185,65.15815,623
2019.05.08 15:00:00,65.21345,65.21635,65.19163,65.19665,710
2019.05.08 14:50:00,65.19752,65.21251,65.16775,65.21251,665
2019.05.08 14:40:00,65.23196,65.23877,65.19526,65.19752,709
2019.05.08 14:30:00,65.24675,65.26075,65.22363,65.23235,813
2019.05.08 14:20:00,65.26295,65.26415,65.23223,65.24675,844
2019.05.08 14:10:00,65.27705,65.29595,65.25683,65.26255,1015
2019.05.08 14:00:00,65.25334,65.28505,65.24885,65.27693,568
2019.05.08 13:50:00,65.26405,65.27525,65.2358,65.25441,1104
2019.05.08 13:40:00,65.27085,65.29135,65.2587,65.26415,1660
2019.05.08 13:30:00,65.31875,65.33075,65.26822,65.27111,1415
2019.05.08 13:20:00,65.32675,65.35714,65.30679,65.31875,1431
2019.05.08 13:10:00,65.25868,65.34324,65.25863,65.32675,756
2019.05.08 13:00:00,65.23445,65.30891,65.22995,65.25802,759
2019.05.08 12:50:00,65.24067,65.25075,65.22144,65.23445,611
2019.05.08 12:40:00,65.24975,65.26075,65.23815,65.24067,764
2019.05.08 12:30:00,65.23709,65.25575,65.23394,65.24975,645
2019.05.08 12:20:00,65.21575,65.24905,65.21315,65.23684,667
2019.05.08 12:10:00,65.23699,65.23831,65.20375,65.21675,542
2019.05.08 12:00:00,65.25275,65.26075,65.2148,65.23699,762
2019.05.08 11:50:00,65.25659,65.26275,65.23976,65.25275,536
2019.05.08 11:40:00,65.21875,65.26425,65.21267,65.25659,941
2019.05.08 11:30:00,65.19375,65.22875,65.16495,65.21775,1322
2019.05.08 11:20:00,65.20075,65.21875,65.18475,65.19375,542
2019.05.08 11:10:00,65.19475,65.21275,65.16989,65.19975,653
2019.05.08 11:00:00,65.20177,65.23778,65.1698,65.19475,1033
2019.05.08 10:50:00,65.24275,65.25475,65.19076,65.20177,636
2019.05.08 10:40:00,65.24775,65.26375,65.23975,65.24275,450
2019.05.08 10:30:00,65.21713,65.25575,65.21465,65.24775,551
2019.05.08 10:20:00,65.23475,65.23495,65.20485,65.21591,1447
2019.05.08 10:10:00,65.23475,65.26075,65.23029,65.23475,551
2019.05.08 10:00:00,65.19975,65.26519,65.19975,65.23475,829
2019.05.07 17:50:00,65.18955,65.19706,65.15904,65.19375,593
2019.05.07 17:40:00,65.19395,65.21331,65.15905,65.18955,750
2019.05.07 17:30:00,65.16695,65.22675,65.16405,65.19345,980
2019.05.07 17:20:00,65.21745,65.22415,65.15625,65.16635,1389
2019.05.07 17:10:00,65.18975,65.23065,65.16844,65.21745,1179
2019.05.07 17:00:00,65.16635,65.19475,65.16271,65.1892,874
2019.05.07 16:50:00,65.16844,65.19075,65.15475,65.16615,934
2019.05.07 16:40:00,65.11705,65.16936,65.11705,65.16844,1341
2019.05.07 16:30:00,65.11805,65.13735,65.10175,65.11705,1159
2019.05.07 16:20:00,65.13477,65.16602,65.10493,65.11755,1253
2019.05.07 16:10:00,65.17801,65.18715,65.13095,65.13465,794
2019.05.07 16:00:00,65.16015,65.20033,65.15487,65.17801,992
2019.05.07 15:50:00,65.14599,65.18461,65.13054,65.15945,781
2019.05.07 15:40:00,65.12037,65.15475,65.12037,65.14642,653
2019.05.07 15:30:00,65.06075,65.12585,65.05625,65.12036,799
2019.05.07 15:20:00,65.05073,65.10575,65.04035,65.05975,885
2019.05.07 15:10:00,65.06385,65.08338,65.04055,65.05073,1083
2019.05.07 15:00:00,65.08775,65.08775,65.05375,65.06315,807
2019.05.07 14:50:00,65.02775,65.11805,65.01475,65.08775,1085
2019.05.07 14:40:00,65.10845,65.11815,64.98175,65.02775,1246
2019.05.07 14:30:00,65.12746,65.12825,65.0892,65.10845,798
2019.05.07 14:20:00,65.11805,65.14375,65.11455,65.12746,664
2019.05.07 14:10:00,65.13545,65.14255,65.11135,65.11801,1279
2019.05.07 14:00:00,65.14277,65.15958,65.13481,65.13625,671
2019.05.07 13:50:00,65.16022,65.16095,65.13931,65.14239,973
2019.05.07 13:40:00,65.17615,65.18175,65.15967,65.16025,689
2019.05.07 13:30:00,65.17755,65.18775,65.16933,65.17575,556
2019.05.07 13:20:00,65.18865,65.19075,65.1546,65.17755,944
2019.05.07 13:10:00,65.19125,65.19375,65.17908,65.18775,430
2019.05.07 13:00:00,65.22475,65.22575,65.19113,65.19115,724
2019.05.07 12:50:00,65.22848,65.22995,65.21575,65.22475,375
2019.05.07 12:40:00,65.22115,65.23495,65.21105,65.22848,376
2019.05.07 12:30:00,65.21894,65.22365,65.20745,65.22115,331
2019.05.07 12:20:00,65.20795,65.23255,65.20795,65.21894,719
2019.05.07 12:10:00,65.22425,65.23083,65.20485,65.20835,687
2019.05.07 12:00:00,65.22345,65.23045,65.20615,65.22425,534
2019.05.07 11:50:00,65.20975,65.22775,65.19875,65.22315,771
2019.05.07 11:40:00,65.20773,65.21973,65.20475,65.20975,705
2019.05.07 11:30:00,65.20475,65.21205,65.19245,65.20773,833
2019.05.07 11:20:00,65.21098,65.21515,65.19783,65.20575,864
2019.05.07 11:10:00,65.21635,65.21918,65.20613,65.21098,615
2019.05.07 11:00:00,65.22455,65.23625,65.21097,65.21725,690
2019.05.07 10:50:00,65.20495,65.23535,65.20445,65.22455,614
2019.05.07 10:40:00,65.20325,65.20875,65.18875,65.20495,781
2019.05.07 10:30:00,65.21301,65.23615,65.19395,65.20232,1057
2019.05.07 10:20:00,65.22005,65.23545,65.1957,65.21301,920
2019.05.07 10:10:00,65.18475,65.22535,65.17805,65.22005,917
2019.05.07 10:00:00,65.19069,65.24515,65.17375,65.18475,1124
2019.05.06 17:50:00,65.28585,65.29975,65.26505,65.26925,582
2019.05.06 17:40:00,65.26525,65.29375,65.26175,65.28585,581
2019.05.06 17:30:00,65.20375,65.27145,65.19915,65.26665,578
2019.05.06 17:20:00,65.19115,65.22495,65.18565,65.20375,681
2019.05.06 17:10:00,65.17085,65.20115,65.15064,65.19115,646
2019.05.06 17:00:00,65.15125,65.18865,65.14575,65.17085,1183
2019.05.06 16:50:00,65.16435,65.17785,65.1423,65.15125,1328
2019.05.06 16:40:00,65.19825,65.20195,65.14475,65.16235,1231
2019.05.06 16:30:00,65.21013,65.21609,65.15595,65.19825,1290
2019.05.06 16:20:00,65.17869,65.22827,65.17175,65.21013,444
2019.05.06 16:10:00,65.22358,65.24484,65.17531,65.17869,323
2019.05.06 16:00:00,65.19936,65.22879,65.16435,65.22358,610
2019.05.06 15:50:00,65.22463,65.22995,65.18739,65.19745,601
2019.05.06 15:40:00,65.17175,65.24195,65.16075,65.22463,735
2019.05.06 15:30:00,65.16275,65.18375,65.14875,65.17076,555
2019.05.06 15:20:00,65.16555,65.17865,65.15745,65.16275,582
2019.05.06 15:10:00,65.16995,65.18423,65.15015,65.16615,763
2019.05.06 15:00:00,65.15838,65.18045,65.15603,65.16995,433
2019.05.06 14:50:00,65.16075,65.16575,65.1218,65.15838,520
2019.05.06 14:40:00,65.19395,65.19665,65.15755,65.16075,670
2019.05.06 14:30:00,65.14053,65.19975,65.14053,65.19275,688
2019.05.06 14:20:00,65.15275,65.16795,65.14015,65.14053,582
2019.05.06 14:10:00,65.12512,65.15275,65.11238,65.15275,530
2019.05.06 14:00:00,65.05819,65.13615,65.05818,65.12512,554
2019.05.06 13:50:00,65.05375,65.07255,65.04615,65.05819,455
2019.05.06 13:40:00,65.12775,65.12875,65.04975,65.05375,479
2019.05.06 13:30:00,65.13671,65.14105,65.11385,65.12675,588
2019.05.06 13:20:00,65.13695,65.15485,65.12875,65.13679,624
2019.05.06 13:10:00,65.16385,65.16445,65.12035,65.13685,650
2019.05.06 13:00:00,65.14685,65.16575,65.14095,65.16385,638
2019.05.06 12:50:00,65.12565,65.16705,65.12535,65.14685,799
2019.05.06 12:40:00,65.14635,65.14635,65.09665,65.12545,767
2019.05.06 12:30:00,65.10165,65.14825,65.09155,65.14635,623
2019.05.06 12:20:00,65.15685,65.16275,65.07575,65.10085,760
2019.05.06 12:10:00,65.16575,65.16775,65.11775,65.15705,973
2019.05.06 12:00:00,65.22125,65.22435,65.16425,65.16575,686
2019.05.06 11:50:00,65.23415,65.24125,65.21325,65.22125,402
2019.05.06 11:40:00,65.21965,65.24415,65.21915,65.23415,681
2019.05.06 11:30:00,65.20635,65.22885,65.20625,65.21915,573
2019.05.06 11:20:00,65.17975,65.22155,65.17475,65.20635,537
2019.05.06 11:10:00,65.17732,65.20505,65.15066,65.17975,1283
2019.05.06 11:00:00,65.24046,65.24475,65.17562,65.17765,614
2019.05.06 10:50:00,65.23586,65.25165,65.20585,65.24046,919
2019.05.06 10:40:00,65.22887,65.26033,65.22325,65.23588,541
2019.05.06 10:30:00,65.2621,65.26432,65.20968,65.22887,644
2019.05.06 10:20:00,65.31575,65.32575,65.19654,65.2621,1129
2019.05.06 10:10:00,65.47205,65.47205,65.31575,65.31575,1189
2019.05.06 10:00:00,65.37625,65.49975,65.37525,65.47205,1257
2019.05.03 17:50:00,65.13015,65.17165,65.07275,65.07875,915
2019.05.03 17:40:00,65.15075,65.16675,65.11975,65.13005,754
2019.05.03 17:30:00,65.10011,65.15375,65.06475,65.15075,625
2019.05.03 17:20:00,65.12375,65.12498,65.08375,65.10011,659
2019.05.03 17:10:00,65.09475,65.13945,65.06175,65.12375,1053
2019.05.03 17:00:00,65.15285,65.15285,65.06325,65.09475,1039
2019.05.03 16:50:00,65.14196,65.16701,65.13275,65.14965,632
2019.05.03 16:40:00,65.11575,65.18147,65.11405,65.14196,856
2019.05.03 16:30:00,65.14265,65.17675,65.10333,65.11675,886
2019.05.03 16:20:00,65.15465,65.15805,65.11975,65.14215,888
2019.05.03 16:10:00,65.24025,65.24025,65.13745,65.15465,1099
2019.05.03 16:00:00,65.19138,65.24265,65.18388,65.24015,1100
2019.05.03 15:50:00,65.26895,65.29065,65.18055,65.19138,994
2019.05.03 15:40:00,65.22475,65.28495,65.20287,65.26895,1293
2019.05.03 15:30:00,65.30965,65.36465,65.21183,65.22375,2007
2019.05.03 15:20:00,65.34948,65.34948,65.30275,65.31065,636
2019.05.03 15:10:00,65.35315,65.35835,65.32005,65.34948,620
2019.05.03 15:00:00,65.38292,65.38964,65.35135,65.35345,503
2019.05.03 14:50:00,65.38469,65.40932,65.37651,65.38292,266
2019.05.03 14:40:00,65.3856,65.40715,65.37908,65.38469,420
2019.05.03 14:30:00,65.41475,65.41835,65.38231,65.3856,740
2019.05.03 14:20:00,65.41475,65.42475,65.38975,65.41575,473
2019.05.03 14:10:00,65.38395,65.44455,65.38105,65.41375,625
2019.05.03 14:00:00,65.37548,65.38705,65.35415,65.38295,634
2019.05.03 13:50:00,65.37265,65.39105,65.35335,65.37655,758
2019.05.03 13:40:00,65.35175,65.38315,65.34125,65.37575,719
2019.05.03 13:30:00,65.33883,65.36245,65.32186,65.35175,484
2019.05.03 13:20:00,65.31125,65.34435,65.29073,65.33883,438
2019.05.03 13:10:00,65.38497,65.38497,65.30483,65.31125,453
2019.05.03 13:00:00,65.38535,65.41306,65.37019,65.38497,359
2019.05.03 12:50:00,65.40097,65.41177,65.37925,65.38485,687
2019.05.03 12:40:00,65.41205,65.43361,65.36995,65.40265,615
2019.05.03 12:30:00,65.38801,65.41235,65.36005,65.41136,385
2019.05.03 12:20:00,65.42188,65.4233,65.38075,65.38801,573
2019.05.03 12:10:00,65.40803,65.42694,65.38305,65.42188,648
2019.05.03 12:00:00,65.35825,65.40905,65.35546,65.40905,414
2019.05.03 11:50:00,65.33825,65.35927,65.31404,65.35825,523
2019.05.03 11:40:00,65.37875,65.39015,65.32715,65.33825,385
2019.05.03 11:30:00,65.36014,65.38399,65.33505,65.37875,445
2019.05.03 11:20:00,65.39275,65.40225,65.35645,65.36014,442
2019.05.03 11:10:00,65.33469,65.40705,65.31927,65.39275,812
2019.05.03 11:00:00,65.37316,65.37324,65.25583,65.33469,975
2019.05.03 10:50:00,65.47775,65.47775,65.36565,65.37316,592
2019.05.03 10:40:00,65.51575,65.52055,65.46275,65.47775,630
2019.05.03 10:30:00,65.52475,65.55945,65.51375,65.51575,882
2019.05.03 10:20:00,65.55175,65.55395,65.49775,65.52375,887
2019.05.03 10:10:00,65.54759,65.59735,65.52775,65.55202,1004
2019.05.03 10:00:00,65.52875,65.55659,65.45693,65.54759,1036
2019.05.02 17:50:00,65.40075,65.47675,65.37645,65.47415,795
2019.05.02 17:40:00,65.42305,65.43175,65.38605,65.40075,815
2019.05.02 17:30:00,65.52425,65.53475,65.41705,65.42305,810
2019.05.02 17:20:00,65.44915,65.54255,65.44615,65.52425,1359
2019.05.02 17:10:00,65.45715,65.46745,65.41525,65.44865,1273
2019.05.02 17:00:00,65.45615,65.49895,65.40725,65.45715,1375
2019.05.02 16:50:00,65.50265,65.51685,65.45515,65.45645,681
2019.05.02 16:40:00,65.55805,65.55805,65.46415,65.50265,1175
2019.05.02 16:30:00,65.52175,65.56365,65.48475,65.55875,1528
2019.05.02 16:20:00,65.52275,65.55215,65.50575,65.52175,1062
2019.05.02 16:10:00,65.48884,65.54225,65.46725,65.52325,1523
2019.05.02 16:00:00,65.44075,65.48668,65.40775,65.48668,786
2019.05.02 15:50:00,65.46954,65.46954,65.43275,65.44075,789
2019.05.02 15:40:00,65.38375,65.47505,65.37456,65.47035,984
2019.05.02 15:30:00,65.38135,65.42905,65.36701,65.38315,770
2019.05.02 15:20:00,65.35055,65.38635,65.34085,65.38135,657
2019.05.02 15:10:00,65.27575,65.35695,65.27275,65.35045,759
2019.05.02 15:00:00,65.27175,65.28055,65.24775,65.27575,623
2019.05.02 14:50:00,65.28175,65.28435,65.25895,65.27375,443
2019.05.02 14:40:00,65.24465,65.28475,65.24465,65.28175,468
2019.05.02 14:30:00,65.22665,65.26295,65.22505,65.24465,444
2019.05.02 14:20:00,65.20275,65.23675,65.20275,65.22665,260
2019.05.02 14:10:00,65.21735,65.22725,65.18575,65.20275,848
2019.05.02 14:00:00,65.25005,65.26144,65.21685,65.21735,859
2019.05.02 13:50:00,65.24875,65.27475,65.22686,65.25005,534
2019.05.02 13:40:00,65.24475,65.27866,65.23975,65.24915,501
2019.05.02 13:30:00,65.27425,65.28145,65.23675,65.24315,583
2019.05.02 13:20:00,65.28395,65.29522,65.27067,65.27405,588
2019.05.02 13:10:00,65.25675,65.30485,65.25645,65.28395,474
2019.05.02 13:00:00,65.28275,65.29575,65.24355,65.25645,569
2019.05.02 12:50:00,65.22085,65.28475,65.21775,65.28375,651
2019.05.02 12:40:00,65.23555,65.24185,65.20675,65.22175,673
2019.05.02 12:30:00,65.17375,65.26735,65.17275,65.23475,971
2019.05.02 12:20:00,65.15975,65.17575,65.14575,65.17375,286
2019.05.02 12:10:00,65.16855,65.17475,65.11865,65.15975,538
2019.05.02 12:00:00,65.12715,65.18215,65.12475,65.16855,729
2019.05.02 11:50:00,65.09495,65.12845,65.07315,65.12715,586
2019.05.02 11:40:00,65.14785,65.14875,65.08315,65.09495,924
2019.05.02 11:30:00,65.14175,65.17555,65.12525,65.14785,739
2019.05.02 11:20:00,65.11875,65.17776,65.11595,65.14175,785
2019.05.02 11:10:00,65.10205,65.13905,65.07425,65.11875,657
2019.05.02 11:00:00,65.08075,65.15861,65.08075,65.10205,1360
2019.05.02 10:50:00,65.07725,65.10015,65.01355,65.08075,1160
2019.05.02 10:40:00,65.02505,65.09505,65.02495,65.07725,1064
2019.05.02 10:30:00,64.93675,65.10085,64.93275,65.02505,1198
2019.05.02 10:20:00,64.93375,64.97775,64.91255,64.93675,530
2019.05.02 10:10:00,64.92145,64.99545,64.91775,64.93375,812
2019.05.02 10:00:00,64.90202,64.94485,64.85675,64.92145,1016
2019.05.01 17:50:00,64.66475,64.77175,64.66475,64.73745,97
2019.05.01 17:40:00,64.69749,64.70095,64.66475,64.66475,90
2019.05.01 17:30:00,64.70061,64.71801,64.69375,64.69749,115
2019.05.01 17:20:00,64.69465,64.71229,64.69465,64.7028,36
2019.05.01 17:10:00,64.69375,64.70595,64.68275,64.69465,41
2019.05.01 17:00:00,64.73375,64.73375,64.56538,64.69375,118
2019.05.01 16:50:00,64.74455,64.74835,64.71345,64.73375,91
2019.05.01 16:40:00,64.78375,64.78375,64.74075,64.74455,112
2019.05.01 16:30:00,64.78775,64.78775,64.77375,64.78375,31
2019.05.01 16:20:00,64.78975,64.79045,64.78505,64.78775,24
2019.05.01 16:10:00,64.80975,64.80975,64.78785,64.78975,25
2019.05.01 16:00:00,64.78975,64.81911,64.76145,64.80975,124
2019.05.01 15:50:00,64.79095,64.80775,64.76215,64.78975,64
2019.05.01 15:40:00,64.70075,64.79857,64.69857,64.79135,150
2019.05.01 15:30:00,64.695,64.70412,64.69478,64.69981,126
2019.05.01 15:20:00,64.67541,64.69545,64.67541,64.695,122
2019.05.01 15:10:00,64.67675,64.68921,64.65237,64.67552,253
2019.05.01 15:00:00,64.69775,64.69775,64.6432,64.67675,75
2019.05.01 14:50:00,64.65715,64.71395,64.65695,64.69775,61
2019.05.01 14:40:00,64.62285,64.67476,64.62275,64.65725,117
2019.05.01 14:30:00,64.62345,64.62495,64.62275,64.62275,28
2019.05.01 14:20:00,64.62345,64.65275,64.61965,64.62475,83
2019.05.01 14:10:00,64.60675,64.64975,64.60675,64.62475,41
2019.05.01 14:00:00,64.60675,64.60675,64.60675,64.60675,10
2019.05.01 13:50:00,64.60675,64.60675,64.60675,64.60675,10
2019.05.01 13:40:00,64.60675,64.60675,64.60675,64.60675,10
2019.05.01 13:30:00,64.59975,64.60675,64.59975,64.60675,12
2019.05.01 13:20:00,64.59975,64.59975,64.59975,64.59975,10
2019.05.01 13:10:00,64.56875,64.60465,64.56295,64.59975,46
2019.05.01 13:00:00,64.56875,64.56875,64.56265,64.56875,13
2019.05.01 12:50:00,64.55075,64.56875,64.55075,64.56875,15
2019.05.01 12:40:00,64.55075,64.55085,64.55075,64.55075,13
2019.05.01 12:30:00,64.55075,64.55075,64.55075,64.55075,10
2019.05.01 12:20:00,64.55075,64.55075,64.54355,64.55075,15
2019.05.01 12:10:00,64.55075,64.55075,64.54345,64.55075,13
2019.05.01 12:00:00,64.55075,64.55075,64.55075,64.55075,10
2019.05.01 11:50:00,64.55075,64.55075,64.55075,64.55075,10
2019.05.01 11:40:00,64.53475,64.55075,64.53475,64.55075,11
2019.05.01 11:30:00,64.53975,64.54475,64.53475,64.53475,18
2019.05.01 11:20:00,64.53975,64.57375,64.51975,64.53975,106
2019.05.01 11:10:00,64.53975,64.53975,64.53975,64.53975,10
2019.05.01 11:00:00,64.57675,64.57675,64.52366,64.53975,32
2019.05.01 10:50:00,64.56975,64.58385,64.56975,64.57675,21
2019.05.01 10:40:00,64.60365,64.60365,64.56145,64.56975,96
2019.05.01 10:30:00,64.58975,64.61075,64.57975,64.60675,56
2019.05.01 10:20:00,64.61665,64.61665,64.58645,64.58975,29
2019.05.01 10:10:00,64.61785,64.62175,64.61665,64.61665,18
2019.05.01 10:00:00,64.61375,64.62265,64.61375,64.61785,14
2019.04.30 17:50:00,64.57715,64.59175,64.55815,64.57205,710
2019.04.30 17:40:00,64.56875,64.58214,64.55275,64.57715,744
2019.04.30 17:30:00,64.53475,64.57105,64.50775,64.56975,825
2019.04.30 17:20:00,64.50232,64.57235,64.48859,64.53475,1008
2019.04.30 17:10:00,64.53344,64.5363,64.48955,64.50235,1173
2019.04.30 17:00:00,64.46205,64.55595,64.44415,64.53344,1512
2019.04.30 16:50:00,64.45175,64.47075,64.44355,64.46205,582
2019.04.30 16:40:00,64.46395,64.51695,64.45075,64.45075,1009
2019.04.30 16:30:00,64.43305,64.46435,64.41175,64.46395,1497
2019.04.30 16:20:00,64.43385,64.44265,64.42485,64.43215,858
2019.04.30 16:10:00,64.45285,64.47505,64.42435,64.43425,1147
2019.04.30 16:00:00,64.45075,64.45767,64.44227,64.45285,638
2019.04.30 15:50:00,64.44475,64.46166,64.44175,64.45054,904
2019.04.30 15:40:00,64.39395,64.47685,64.38985,64.44475,1588
2019.04.30 15:30:00,64.37975,64.39805,64.36211,64.39395,1003
2019.04.30 15:20:00,64.37061,64.39625,64.36975,64.37975,474
2019.04.30 15:10:00,64.37615,64.38075,64.34185,64.37061,693
2019.04.30 15:00:00,64.35695,64.37995,64.32885,64.37635,1312
2019.04.30 14:50:00,64.38975,64.38975,64.35675,64.35765,904
2019.04.30 14:40:00,64.39622,64.40035,64.3786,64.38935,663
2019.04.30 14:30:00,64.38675,64.40295,64.38375,64.39622,461
2019.04.30 14:20:00,64.38295,64.39475,64.37775,64.38675,862
2019.04.30 14:10:00,64.38655,64.39025,64.35803,64.38285,984
2019.04.30 14:00:00,64.39415,64.40545,64.38135,64.38675,698
2019.04.30 13:50:00,64.39935,64.40475,64.34885,64.39511,984
2019.04.30 13:40:00,64.42385,64.42995,64.38842,64.39935,862
2019.04.30 13:30:00,64.45218,64.45513,64.41273,64.42345,1048
2019.04.30 13:20:00,64.43575,64.45375,64.43251,64.45218,804
2019.04.30 13:10:00,64.44982,64.45475,64.43553,64.43575,156
2019.04.30 13:00:00,64.44265,64.45505,64.44095,64.44982,366
2019.04.30 12:50:00,64.40575,64.45475,64.39975,64.44275,568
2019.04.30 12:40:00,64.41075,64.41445,64.38165,64.40575,1032
2019.04.30 12:30:00,64.46792,64.46792,64.40405,64.41075,1401
2019.04.30 12:20:00,64.48075,64.49025,64.46549,64.46824,699
2019.04.30 12:10:00,64.52885,64.54285,64.47185,64.48175,1033
2019.04.30 12:00:00,64.53295,64.54525,64.52428,64.52885,737
2019.04.30 11:50:00,64.52185,64.54575,64.52075,64.53295,976
2019.04.30 11:40:00,64.53085,64.54362,64.50804,64.52155,882
2019.04.30 11:30:00,64.53545,64.54985,64.50545,64.53025,1416
2019.04.30 11:20:00,64.60075,64.61225,64.52975,64.53545,1840
2019.04.30 11:10:00,64.63175,64.63535,64.59843,64.60004,894
2019.04.30 11:00:00,64.63415,64.63885,64.61125,64.63075,1535
2019.04.30 10:50:00,64.61065,64.64325,64.61021,64.63585,955
2019.04.30 10:40:00,64.60305,64.62325,64.59373,64.60945,1527
2019.04.30 10:30:00,64.64245,64.66475,64.59385,64.60275,1389
2019.04.30 10:20:00,64.64485,64.65165,64.61864,64.64245,1198
2019.04.30 10:10:00,64.64362,64.65475,64.60475,64.64412,862
2019.04.30 10:00:00,64.61649,64.69335,64.60975,64.64344,1750
2019.04.29 17:50:00,64.48331,64.51597,64.4778,64.51017,767
2019.04.29 17:40:00,64.4773,64.49275,64.4546,64.48331,731
2019.04.29 17:30:00,64.48624,64.50302,64.47423,64.47739,547
2019.04.29 17:20:00,64.48735,64.50285,64.47447,64.48624,770
2019.04.29 17:10:00,64.49635,64.52625,64.48155,64.48615,1279
2019.04.29 17:00:00,64.50315,64.50555,64.46472,64.49675,1522
2019.04.29 16:50:00,64.50475,64.50735,64.48446,64.50315,870
2019.04.29 16:40:00,64.4678,64.50942,64.46575,64.50435,1409
2019.04.29 16:30:00,64.44505,64.48345,64.43275,64.46845,1493
2019.04.29 16:20:00,64.42775,64.44755,64.40331,64.44425,1109
2019.04.29 16:10:00,64.42209,64.45175,64.42209,64.42785,1002
2019.04.29 16:00:00,64.45375,64.46027,64.42023,64.42209,1263
2019.04.29 15:50:00,64.49075,64.50175,64.44465,64.45275,930
2019.04.29 15:40:00,64.48415,64.51245,64.47925,64.49075,232
2019.04.29 15:30:00,64.49775,64.49775,64.45465,64.48315,305
2019.04.29 15:20:00,64.55498,64.55885,64.49505,64.49935,618
2019.04.29 15:10:00,64.57485,64.58245,64.55205,64.55498,625
2019.04.29 15:00:00,64.58732,64.60075,64.55411,64.57425,1017
2019.04.29 14:50:00,64.57925,64.58975,64.55865,64.58732,1000
2019.04.29 14:40:00,64.60331,64.60331,64.55575,64.57835,1106
2019.04.29 14:30:00,64.65391,64.65625,64.59855,64.60331,957
2019.04.29 14:20:00,64.63875,64.65573,64.63526,64.65391,606
2019.04.29 14:10:00,64.64125,64.64885,64.62506,64.63871,927
2019.04.29 14:00:00,64.64858,64.65385,64.62935,64.64175,888
2019.04.29 13:50:00,64.67675,64.68255,64.64775,64.64935,426
2019.04.29 13:40:00,64.67735,64.67735,64.66275,64.67675,376
2019.04.29 13:30:00,64.67155,64.68395,64.66225,64.67625,741
2019.04.29 13:20:00,64.66795,64.67735,64.66335,64.67138,772
2019.04.29 13:10:00,64.67435,64.67805,64.66473,64.66725,402
2019.04.29 13:00:00,64.66704,64.67875,64.66624,64.67435,774
2019.04.29 12:50:00,64.66695,64.67725,64.65875,64.66704,504
2019.04.29 12:40:00,64.67595,64.68415,64.65822,64.66667,585
2019.04.29 12:30:00,64.67755,64.68675,64.67538,64.67562,583
2019.04.29 12:20:00,64.68675,64.69275,64.6704,64.67755,543
2019.04.29 12:10:00,64.68275,64.69375,64.6741,64.68675,522
2019.04.29 12:00:00,64.66755,64.69685,64.66575,64.68345,1154
2019.04.29 11:50:00,64.66035,64.66955,64.64175,64.66795,893
2019.04.29 11:40:00,64.66075,64.67035,64.65405,64.66015,715
2019.04.29 11:30:00,64.68091,64.68435,64.65593,64.66023,934
2019.04.29 11:20:00,64.66492,64.69495,64.65315,64.68155,1633
2019.04.29 11:10:00,64.65124,64.66625,64.62997,64.66492,770
2019.04.29 11:00:00,64.6728,64.69341,64.65076,64.65124,672
2019.04.29 10:50:00,64.68205,64.68315,64.65015,64.6728,1016
2019.04.29 10:40:00,64.70705,64.71525,64.66726,64.68255,1174
2019.04.29 10:30:00,64.71215,64.72385,64.69165,64.70655,1429
2019.04.29 10:20:00,64.71135,64.75475,64.70075,64.71285,1200
2019.04.29 10:10:00,64.71875,64.72475,64.67425,64.71135,1060
2019.04.29 10:00:00,64.70435,64.75795,64.67775,64.71905,920
2019.04.26 17:50:00,64.73705,64.80935,64.73705,64.79225,924
2019.04.26 17:40:00,64.71075,64.74615,64.70975,64.73705,820
2019.04.26 17:30:00,64.68395,64.72815,64.66475,64.70975,990
2019.04.26 17:20:00,64.69985,64.73125,64.65905,64.68395,1991
2019.04.26 17:10:00,64.78245,64.78875,64.6817,64.69985,1611
2019.04.26 17:00:00,64.74085,64.78105,64.70875,64.78105,924
2019.04.26 16:50:00,64.70575,64.74575,64.68323,64.74085,1031
2019.04.26 16:40:00,64.76538,64.76905,64.68206,64.70575,1361
2019.04.26 16:30:00,64.71805,64.7717,64.70293,64.76575,1030
2019.04.26 16:20:00,64.67354,64.72476,64.6551,64.71845,1187
2019.04.26 16:10:00,64.63615,64.67774,64.62103,64.67774,706
2019.04.26 16:00:00,64.66594,64.6817,64.61626,64.63429,987
2019.04.26 15:50:00,64.62866,64.67225,64.60915,64.66594,1128
2019.04.26 15:40:00,64.68975,64.69225,64.57387,64.62937,2353
2019.04.26 15:30:00,64.76625,64.88755,64.64505,64.69085,2566
2019.04.26 15:20:00,64.79365,64.80035,64.76625,64.76625,1498
2019.04.26 15:10:00,64.75975,64.79885,64.75475,64.79425,1459
2019.04.26 15:00:00,64.76075,64.76665,64.73875,64.75795,1143
2019.04.26 14:50:00,64.75125,64.78315,64.746,64.75985,868
2019.04.26 14:40:00,64.74475,64.76503,64.73575,64.75175,522
2019.04.26 14:30:00,64.73775,64.75405,64.72612,64.74475,829
2019.04.26 14:20:00,64.75675,64.76035,64.73075,64.73775,857
2019.04.26 14:10:00,64.7673,64.78695,64.75435,64.75675,714
2019.04.26 14:00:00,64.75139,64.78455,64.74975,64.7673,737
2019.04.26 13:50:00,64.76885,64.78735,64.74215,64.75139,509
2019.04.26 13:40:00,64.79665,64.80855,64.75955,64.76854,643
2019.04.26 13:30:00,64.82255,64.85775,64.78632,64.79665,1176
2019.04.26 13:20:00,64.79355,64.85475,64.79233,64.82175,1013
2019.04.26 13:10:00,64.77016,64.79525,64.76279,64.79235,963
2019.04.26 13:00:00,64.78485,64.78945,64.74775,64.76972,1033
2019.04.26 12:50:00,64.82815,64.83474,64.78047,64.78336,776
2019.04.26 12:40:00,64.74965,64.82885,64.74635,64.82755,1351
2019.04.26 12:30:00,64.75725,64.77255,64.74305,64.74965,931
2019.04.26 12:20:00,64.71615,64.7725,64.71588,64.75755,1033
2019.04.26 12:10:00,64.71152,64.72515,64.70394,64.71615,430
2019.04.26 12:00:00,64.70806,64.71575,64.69075,64.71175,409
2019.04.26 11:50:00,64.6951,64.71091,64.68598,64.70815,829
2019.04.26 11:40:00,64.70019,64.73121,64.68945,64.6951,1177
2019.04.26 11:30:00,64.66785,64.70605,64.63715,64.70069,1027
2019.04.26 11:20:00,64.66545,64.68215,64.65836,64.66785,703
2019.04.26 11:10:00,64.66805,64.69815,64.65475,64.66509,1295
2019.04.26 11:00:00,64.69845,64.70885,64.65847,64.66865,1107
2019.04.26 10:50:00,64.72055,64.72735,64.68125,64.69785,1122
2019.04.26 10:40:00,64.69635,64.72095,64.68675,64.71935,859
2019.04.26 10:30:00,64.72085,64.72794,64.69579,64.69579,652
2019.04.26 10:20:00,64.70075,64.72952,64.69075,64.72085,946
2019.04.26 10:10:00,64.68657,64.72735,64.67363,64.70075,1036
2019.04.26 10:00:00,64.65475,64.73889,64.64617,64.68677,1147
2019.04.25 17:50:00,64.71375,64.72775,64.67952,64.68275,700
2019.04.25 17:40:00,64.73775,64.78995,64.71205,64.71375,989
2019.04.25 17:30:00,64.77875,64.81133,64.73775,64.73775,1064
2019.04.25 17:20:00,64.81275,64.81275,64.73575,64.77775,1244
2019.04.25 17:10:00,64.82675,64.86575,64.81275,64.81275,991
2019.04.25 17:00:00,64.80875,64.83275,64.80664,64.82675,776
2019.04.25 16:50:00,64.81775,64.83375,64.77836,64.80875,806
2019.04.25 16:40:00,64.83447,64.88575,64.81276,64.81775,1320
2019.04.25 16:30:00,64.80975,64.87868,64.80975,64.83447,1212
2019.04.25 16:20:00,64.79445,64.83785,64.75875,64.80975,1400
2019.04.25 16:10:00,64.87866,64.89495,64.78675,64.79445,1292
2019.04.25 16:00:00,64.88166,64.89675,64.84808,64.87866,1271
2019.04.25 15:50:00,64.84352,64.90315,64.84172,64.88075,914
2019.04.25 15:40:00,64.92,64.93177,64.81554,64.84357,1316
2019.04.25 15:30:00,64.95285,64.96675,64.91446,64.92,1280
2019.04.25 15:20:00,64.89479,64.96947,64.89177,64.95402,854
2019.04.25 15:10:00,64.90307,64.97635,64.89463,64.89479,1307
2019.04.25 15:00:00,64.87334,64.9146,64.86563,64.90259,817
2019.04.25 14:50:00,64.81965,64.8825,64.81556,64.87334,473
2019.04.25 14:40:00,64.84615,64.84625,64.80984,64.81965,908
2019.04.25 14:30:00,64.82221,64.85195,64.80612,64.84615,1011
2019.04.25 14:20:00,64.82089,64.82965,64.79882,64.82253,819
2019.04.25 14:10:00,64.83684,64.86061,64.81575,64.82089,585
2019.04.25 14:00:00,64.81059,64.87776,64.80745,64.83684,680
2019.04.25 13:50:00,64.84305,64.84375,64.79699,64.81059,531
2019.04.25 13:40:00,64.86953,64.87475,64.8393,64.84375,550
2019.04.25 13:30:00,64.79724,64.87213,64.77854,64.86953,650
2019.04.25 13:20:00,64.79765,64.84175,64.79182,64.79737,875
2019.04.25 13:10:00,64.84779,64.86285,64.77628,64.79765,1042
2019.04.25 13:00:00,64.90832,64.91395,64.84344,64.84779,1083
2019.04.25 12:50:00,64.86895,64.93083,64.86275,64.90838,1266
2019.04.25 12:40:00,64.83725,64.87797,64.79175,64.86895,1538
2019.04.25 12:30:00,64.77382,64.86975,64.77175,64.83635,1081
2019.04.25 12:20:00,64.79208,64.80035,64.77175,64.77382,806
2019.04.25 12:10:00,64.78775,64.80177,64.78406,64.79208,790
2019.04.25 12:00:00,64.71407,64.78855,64.71226,64.78775,998
2019.04.25 11:50:00,64.78656,64.80136,64.70953,64.71322,947
2019.04.25 11:40:00,64.7612,64.80185,64.75895,64.78656,1016
2019.04.25 11:30:00,64.82375,64.82715,64.7597,64.7612,1174
2019.04.25 11:20:00,64.7774,64.83709,64.76987,64.82275,1539
2019.04.25 11:10:00,64.7298,64.7774,64.70774,64.7774,762
2019.04.25 11:00:00,64.64834,64.73599,64.645,64.7298,1286
2019.04.25 10:50:00,64.66315,64.68923,64.64335,64.64835,946
2019.04.25 10:40:00,64.60775,64.70494,64.60368,64.66315,1625
2019.04.25 10:30:00,64.58159,64.61561,64.56585,64.60775,870
2019.04.25 10:20:00,64.57806,64.61599,64.55738,64.58179,765
2019.04.25 10:10:00,64.66591,64.66801,64.55597,64.57806,1251
2019.04.25 10:00:00,64.50135,64.66752,64.43493,64.66527,2079
2019.04.24 17:50:00,64.26154,64.29095,64.25325,64.25885,889
2019.04.24 17:40:00,64.22875,64.26291,64.21305,64.26175,898
2019.04.24 17:30:00,64.23605,64.24975,64.20929,64.22796,842
2019.04.24 17:20:00,64.30312,64.30885,64.2256,64.23635,1197
2019.04.24 17:10:00,64.27358,64.32085,64.26075,64.30475,1429
2019.04.24 17:00:00,64.22685,64.30405,64.22685,64.27326,1413
2019.04.24 16:50:00,64.18217,64.23125,64.18071,64.22685,863
2019.04.24 16:40:00,64.19506,64.19615,64.15269,64.18217,1086
2019.04.24 16:30:00,64.18931,64.20975,64.16921,64.19495,786
2019.04.24 16:20:00,64.2282,64.23298,64.18855,64.18931,799
2019.04.24 16:10:00,64.20515,64.24895,64.20395,64.22797,1185
2019.04.24 16:00:00,64.16694,64.24364,64.16585,64.20545,1325
2019.04.24 15:50:00,64.20385,64.22277,64.15975,64.16694,1055
2019.04.24 15:40:00,64.25474,64.25995,64.1935,64.20385,1241
2019.04.24 15:30:00,64.2307,64.27935,64.19939,64.25474,1099
2019.04.24 15:20:00,64.19045,64.24085,64.17919,64.23098,1380
2019.04.24 15:10:00,64.15275,64.22464,64.13875,64.19045,1508
2019.04.24 15:00:00,64.04692,64.15995,64.04122,64.15275,1408
2019.04.24 14:50:00,64.0864,64.08655,64.03805,64.04692,779
2019.04.24 14:40:00,64.09675,64.10315,64.0864,64.0864,568
2019.04.24 14:30:00,64.10073,64.10735,64.08875,64.09614,1057
2019.04.24 14:20:00,64.13232,64.13469,64.08775,64.10075,859
2019.04.24 14:10:00,64.07112,64.14975,64.07112,64.13232,903
2019.04.24 14:00:00,64.0539,64.07153,64.05362,64.07072,329
2019.04.24 13:50:00,64.04334,64.05635,64.03978,64.05465,348
2019.04.24 13:40:00,64.04455,64.05159,64.03864,64.04334,571
2019.04.24 13:30:00,64.05375,64.05813,64.04033,64.04449,422
2019.04.24 13:20:00,64.02747,64.0563,64.02689,64.0529,390
2019.04.24 13:10:00,64.03083,64.03775,64.01689,64.02728,716
2019.04.24 13:00:00,64.01986,64.03315,64.00605,64.03145,1173
2019.04.24 12:50:00,64.0191,64.02815,64.0074,64.02075,878
2019.04.24 12:40:00,64.00435,64.02201,63.99906,64.0191,697
2019.04.24 12:30:00,63.97461,64.00755,63.97423,64.00435,642
2019.04.24 12:20:00,64.00869,64.01296,63.97193,63.97461,728
2019.04.24 12:10:00,64.02375,64.02975,63.99795,64.01025,771
2019.04.24 12:00:00,64.01475,64.03175,64.01275,64.02375,326
2019.04.24 11:50:00,64.00997,64.03865,63.99588,64.01475,639
2019.04.24 11:40:00,64.00038,64.01315,63.99335,64.00997,853
2019.04.24 11:30:00,63.99535,64.00775,63.97175,64.00038,733
2019.04.24 11:20:00,64.03825,64.04295,63.99175,63.99535,1011
